序号,景区ID,景区名称,评论ID,用户昵称,总体评分,评论内容,发布时间,有用数,回复数,出行类型,用户所在地,游玩时长,图片数量,图片链接列表,景色评分,趣味评分,性价比评分,推荐项目
0,76865,星海广场,206924929,啊强旅行,5.0,1.喂海鸥🐦我们没什么经验，没有提前准备海鸥食，在小摊摊那里买的很小一包，10块😭建议大家提前去便利店买点火腿肠、面包片什么的。并且！！小摊摊买的海鸥食很小一个，不是很适合拍海鸥啄食的视频，放在手心举起来很容易被啄到手，我就被啄了，真的有点疼！鸥兄太猛了，直接俯冲啄手 2.海滩漫步🏖️两边的海滩很多露营和玩耍的，海风可舒服了，很适合踩水玩沙子，星海广场的海滩相对来说比棒棰岛和海之韵那边的石头少一点。 3.吃海鲜🦞 和朋友去吃了海味当家，三个人点了个波士顿龙虾套餐，吃的巨撑！大连的海鲜原汁原味都好甜呀！超好吃！除了龙虾外，最推荐海鲜饺子和海鲜粥，超级鲜美！ 总结来说有五点： 1️⃣星海新画的彩虹路📷 2️⃣坐在可以看海的咖啡厅发呆 3️⃣看女骑出街 4️⃣晚上看星海灯光秀 5️⃣喂海鸥,2025-03-26 09:40:55,1,0,朋友出游,海南,2小时,6,https://dimg04.c-ctrip.com/images/1mh7412000jbmapu8DEAC_W_640_10000.jpg?proc=autoorient;https://dimg04.c-ctrip.com/images/1mh1j12000jbmh7jpD459_W_640_10000.jpg?proc=autoorient;https://dimg04.c-ctrip.com/images/1mh6q12000jbltteq00B3_W_640_10000.jpg?proc=autoorient;https://dimg04.c-ctrip.com/images/1mh4g12000jbmgsg8D2E0_W_640_10000.jpg?proc=autoorient;https://dimg04.c-ctrip.com/images/1mh7212000jbl6eepFC98_W_640_10000.jpg?proc=autoorient;https://dimg04.c-ctrip.com/images/1mh4c12000jbl5pauA853_W_640_10000.jpg?proc=autoorient,5.0,5.0,5.0,大连星海朋派街区;星海广场-南1门;星海广场-北2门;星海广场-东门;星海广场-西门
1,76865,星海广场,197616588,as20241101¥@/!,5.0,为庆祝香港回归，1993年7月16日星海广场开工，1997年6月31日投入使用。 星海广场景观分为四个部分：星海广场、喷泉景区、百年城雕广场及中央草坪。 星海广场运用曲线样式，在椭圆形路网当中套着圆形，其中内圆直径为199.9米，寓意大连1999年100周年，外圆直径239.9米，寓意2399年大连将迎来建市500周年； 星海广场音乐喷泉直径140米，最大喷高88米，采用8项专利技术，呈现出的“声、光、电、火”震撼表演；同时，喷泉拥有流岚红霞、月季花开、雄鹰展翅、同心崛起A、同心崛起B、火引冰薪、魁星傲立、月季花蕊、百变神泉、繁花似锦、彩带飞舞11种独立水型，伴随节奏舞动，营造出别具一格的梦幻效果。表演时间一般在晚上七点半开始。 星海广场上的雕塑众多，主以百年纪念城雕、铜人雕塑、现代运动雕塑为主，其中： 1、铜人雕塑共计六组，分别为女骑警铜雕2组、旱冰主题铜雕2组、音乐会主题铜雕1组合儿童铜雕1组，此外，星海广场外环边缘还设有40组竞技体育运动雕塑。 2、百年纪念城雕广场位于南北轴线上的最南端，其中巨大书籍雕塑位于南面靠海位置，为星海广场制高点。 3、铜铸脚印浮雕长80米，收集了有各年龄、各行业的代表人物的一千双脚印，用以表示大连人民百年来不断前进的步伐。 跨海大桥与星海广场交相辉映，伫立星海广场可参观跨海大桥的雄伟壮观，夜间灯光表演。,2024-11-15 11:31:34,1,0,家庭亲子,吉林,,12,https://dimg04.c-ctrip.com/images/1mh1k12000gouwvhk015C_W_640_10000.jpg?proc=autoorient;https://dimg04.c-ctrip.com/images/1mh0c12000govlnjcBCFE_W_640_10000.jpg?proc=autoorient;https://dimg04.c-ctrip.com/images/1mh3812000gov59ldAAB2_W_640_10000.jpg?proc=autoorient;https://dimg04.c-ctrip.com/images/1mh6v12000govb9kq1808_W_640_10000.jpg?proc=autoorient;https://dimg04.c-ctrip.com/images/1mh6212000gouzh4b8ED6_W_640_10000.jpg?proc=autoorient;https://dimg04.c-ctrip.com/images/1mh4012000govl40v46A5_W_640_10000.jpg?proc=autoorient;https://dimg04.c-ctrip.com/images/1mh2412000govlnjg4D91_W_640_10000.jpg?proc=autoorient;https://dimg04.c-ctrip.com/images/1mh6y12000gouzh4d9111_W_640_10000.jpg?proc=autoorient;https://dimg04.c-ctrip.com/images/1mh2812000gous2npB66E_W_640_10000.jpg?proc=autoorient;https://dimg04.c-ctrip.com/images/1mh1m12000gouwjy3B9A7_W_640_10000.jpg?proc=autoorient;https://dimg04.c-ctrip.com/images/1mh6f12000gouwexf5283_W_640_10000.jpg?proc=autoorient;https://dimg04.c-ctrip.com/images/1mh0b12000govgsqv8228_W_640_10000.jpg?proc=autoorient,5.0,5.0,5.0,
2,76865,星海广场,201314373,一路luuuuu,5.0,星海广场有各色店铺，晚上也有灯光秀，还有乐园和水上蹦极，非常刺激😆,2025-01-09 14:00:33,7,0,朋友出游,浙江,3小时,7,https://dimg04.c-ctrip.com/images/1mh0y12000hocsm6p31A7_W_640_10000.jpg?proc=autoorient;https://dimg04.c-ctrip.com/images/1mh2j12000hoctzts8EC4_W_640_10000.jpg?proc=autoorient;https://dimg04.c-ctrip.com/images/1mh5h12000hobz7he0310_W_640_10000.jpg?proc=autoorient;https://dimg04.c-ctrip.com/images/1mh3a12000hoced0f9654_W_640_10000.jpg?proc=autoorient;https://dimg04.c-ctrip.com/images/1mh3q12000hoc950650B0_W_640_10000.jpg?proc=autoorient;https://dimg04.c-ctrip.com/images/1mh0812000hocn79q2A7A_W_640_10000.jpg?proc=autoorient;https://dimg04.c-ctrip.com/images/1mh0p12000hobx3poBDD5_W_640_10000.jpg?proc=autoorient,5.0,5.0,5.0,
3,76865,星海广场,208865154,枫原没有万叶,5.0,以下是对大连星海广场的点评： 优点 • 规模宏大，景观壮丽：是亚洲最大的城市广场之一，占地面积达176万平方米，视野开阔。百年城雕气势恢宏，一本翻开的巨型“书”记录着大连百年历史变迁，人物雕塑展现出大连人民积极向上的精神。 • 设计精妙，特色鲜明：地面由九百九十九块四川红色大理石铺装，雕刻着天干地支、二十四节气、十二生肖等图案，还设有大的黄色五角星，借鉴北京天坛设计理念，寓意深刻。 • 活动丰富，氛围浓厚：每年举办中国国际啤酒节、国际徒步大会、服装节等大型活动，吸引大量游客，充满热闹欢乐的氛围。 • 配套完善，交通便利：周边餐厅众多，能品尝到地道大连海鲜等美食，还有便利店、咖啡馆等。住宿选择多样，从快捷酒店到星级酒店一应俱全。公交、地铁等交通方式便捷，周边设有多个停车场。 • 文化深厚，体验多元：星海会展中心是大连标志性建筑，可促进对外交流。贝壳博物馆是亚洲展品最多的贝壳博物馆，能让人探索海洋贝壳的奥秘。 不足 • 游客拥挤：在节假日和旅游旺季，游客数量众多，尤其是音乐喷泉表演等热门时段，人群密集，可能影响游玩体验和观赏效果。 • 部分设施老化：由于建成时间较早，一些基础设施和游乐设施存在老化现象，需要进一步更新和维护。 • 停车困难：尽管周边有停车场，但在高峰时段，停车位依然紧张，停车可能需要花费较多时间寻找车位。,2025-04-15 21:11:48,2,0,家庭亲子,江苏,2小时,4,https://dimg04.c-ctrip.com/images/1mh4j12000jtnib17FA7F_W_640_10000.jpg?proc=autoorient;https://dimg04.c-ctrip.com/images/1mh4f12000jtnu1maB4BF_W_640_10000.jpg?proc=autoorient;https://dimg04.c-ctrip.com/images/1mh4x12000jtnl83m9E47_W_640_10000.jpg?proc=autoorient;https://dimg04.c-ctrip.com/images/1mh6y12000jtmoupt5220_W_640_10000.jpg?proc=autoorient,5.0,5.0,5.0,星海广场-北2门;星海广场-西北门;初一尾波冲浪;星海广场-东门
4,76865,星海广场,199596013,麦兜在路上,5.0,星海广场上全是娱乐设施，可以玩个够，而且面对大海，跨海大桥的夜灯相当漂亮。面对大海左手边城堡酒店那里上去，可以去大连森林公园，那边有制高点可以看到大桥分叉口，沿山上去能看到大连的部分城市景色。面对大海向右手走，可以路过圣亚海洋世界，极地馆。,2024-12-14 20:41:09,4,0,单独旅行,辽宁,,0,,5.0,5.0,5.0,
5,76865,星海广场,190528815,YoYo_6G1T9Z7S,5.0,不需要去马尔代夫，大连星海广场及周边更美更有性价比，海天一色，蓝天白云映衬绿树红花，还可以在广场上喂海鸥。星海湾大桥驾车走了一趟，窗外随手拍都是美景。每个路灯上都停留一只海鸥站岗，很可爱。,2024-08-22 07:34:06,1,1,家庭亲子,山东,1小时,4,https://dimg04.c-ctrip.com/images/1mh5c12000f7dr1dr4A4A_W_640_10000.jpg?proc=autoorient;https://dimg04.c-ctrip.com/images/1mh2612000f7dmw5aC7F7_W_640_10000.jpg?proc=autoorient;https://dimg04.c-ctrip.com/images/1mh0p12000f7dij9z5CC4_W_640_10000.jpg?proc=autoorient;https://dimg04.c-ctrip.com/images/1mh4s12000f7dvb85145C_W_640_10000.jpg?proc=autoorient,5.0,4.0,4.0,大连星海广场音乐喷泉;星海广场-南1门
6,76865,星海广场,189232751,一铭hmilyxhl,5.0,前几天来的时候赶上啤酒节，晚上人山人海的挺热闹，有好多小吃摊，人太多就不用太考虑性价比，开心就好！看看晚上霓虹绚丽的跨海大桥，灯光喷泉，射灯下错落有致的现代建筑！,2024-08-10 11:15:36,0,0,,辽宁,,5,https://dimg04.c-ctrip.com/images/1mh5m12000f2jyk7v79A1_W_640_10000.jpg?proc=autoorient;https://dimg04.c-ctrip.com/images/1mh6x12000f2k6xue9A09_W_640_10000.jpg?proc=autoorient;https://dimg04.c-ctrip.com/images/1mh6412000f2jvjgr13B9_W_640_10000.jpg?proc=autoorient;https://dimg04.c-ctrip.com/images/1mh0712000f2k1i245366_W_640_10000.jpg?proc=autoorient;https://dimg04.c-ctrip.com/images/1mh1h12000f2k0dezDC4E_W_640_10000.jpg?proc=autoorient,5.0,4.0,5.0,
7,76865,星海广场,209009256,,5.0,星海广场游玩心得 初次踏入星海广场，便被它的宏大与浪漫深深震撼。这座亚洲最大的城市广场，不仅承载着大连的城市记忆，更以独特的魅力勾勒出一幅人与自然、历史与现代交融的动人画卷，让我收获了一段难忘的海滨城市之旅。 一进入广场，开阔的视野令人心旷神怡。大片平整的花岗岩地面向大海延伸，标志性的华表、百年脚印浮雕与千人足迹城雕依次铺展，诉说着大连的发展历程。沿着步道前行，道路两旁的草坪绿意盎然，白鸽时而成群掠过，时而落在游人肩头，孩子们拿着面包屑与它们亲密互动，欢声笑语回荡在广场上空，充满生机与温情。 广场南端的海景堪称一绝。站在星海湾畔，一眼望去，碧海蓝天相接，远处的跨海大桥如长虹卧波，雄伟壮观。海风裹挟着咸咸的气息拂面而来，海浪轻轻拍打着岸边的礁石，发出悦耳的声响。夕阳西下时，金色的余晖洒在海面上，波光粼粼，与城市的灯火交相辉映，美得令人屏息。许多情侣手牵手漫步沙滩，老人坐在长椅上静静欣赏海景，而孩子们则追逐着浪花嬉戏，每一幕都是温馨又治愈的画面。 夜幕降临后的星海广场，又是另一番璀璨景象。广场上的华灯、跨海大桥的霓虹与岸边建筑的灯光次第亮起，勾勒出绚丽的城市轮廓。音乐喷泉随着旋律舞动，五彩的灯光映照在飞溅的水花上，如梦如幻。此时，广场上的人群依旧络绎不绝，热闹的夜市摊位飘来阵阵美食香气，文创小店透出温暖的灯光，让夜晚的星海广场既浪漫又充满烟火气。 星海广场不仅是一处观光胜地，更是大连人生活的缩影。在这里，我感受到了这座城市的包容与活力，也领略到了滨海风光的独特魅力。,2025-04-18 09:25:26,2,0,朋友出游,广东,,3,https://dimg04.c-ctrip.com/images/1mh2p12000jw13vju652D_W_640_10000.jpg?proc=autoorient;https://dimg04.c-ctrip.com/images/1mh1b12000jw0vvdkE419_W_640_10000.jpg?proc=autoorient;https://dimg04.c-ctrip.com/images/1mh6712000jw276k6B88E_W_640_10000.jpg?proc=autoorient,5.0,5.0,5.0,
8,76865,星海广场,205097894,If⁰²⁰⁶,5.0,✨大连星海广场，我的心中永恒的诗和远方🌊 🌅 每次来到这座城市，我都会被星海广场的夜景深深吸引，仿佛每一颗星星都在诉说着大海的故事。 🚶‍♀️从酒店出发，步行约15分钟，就能到达这片令人心旷神怡的广场。广场上，巨大的星海湾像一颗璀璨的宝石镶嵌在城市的中心，波光粼粼的海面在灯光的映照下熠熠生辉。 🏖️沿着海边漫步，你可以欣赏到许多精美的建筑和雕塑，它们都是大连这座海滨城市的独特标志。而最令我难忘的是广场上的音乐喷泉，每当夜幕降临，喷泉随着音乐的节奏翩翩起舞，仿佛在诉说着大海的欢乐与激昂。 🍜 在星海广场附近，你还可以品尝到各种美味的海鲜。我特别喜欢一家叫做“海味当家”的餐厅，那里的海鲜种类繁多，新鲜美味，绝对值得一试。 🌟 总的来说，星海广场是我旅行中不可错过的一个景点。在这里，你可以感受到大连这座城市的魅力和活力，也可以尽情享受海边的美景和美食。如果你来到大连，一定不要错过这里哦！,2025-03-01 11:34:16,0,0,情侣夫妻,北京,4小时,4,https://dimg04.c-ctrip.com/images/1mh6s12000it3bil3B500_W_640_10000.jpg?proc=autoorient;https://dimg04.c-ctrip.com/images/1mh0o12000it3n3wg24C5_W_640_10000.jpg?proc=autoorient;https://dimg04.c-ctrip.com/images/1mh4q12000it3k0k0A662_W_640_10000.jpg?proc=autoorient;https://dimg04.c-ctrip.com/images/1mh3t12000it3kr55B94F_W_640_10000.jpg?proc=autoorient,5.0,5.0,5.0,星海广场-南1门;星海广场-北2门;星海广场-西门;大连星海广场音乐喷泉;初一尾波冲浪;星海广场-西北门;星海广场-南3门;星海广场-东门;大连星海朋派街区;星海广场-南2门
9,76865,星海广场,197711417,Smad,4.0,星海广场是大连当地的一个非常热门的广场，很多人来大连游玩也会去星海广场逛逛。广场非常大，两边是高端的酒店，餐厅。 中间是一个非常大的喷水池，晚上会有演出表演，水柱非常高。画面也非常好看的。 这个广场里面还有游乐场，可以去游乐场玩玩,2024-11-17 15:03:24,0,0,朋友出游,上海,2小时,9,https://dimg04.c-ctrip.com/images/1mh0c12000gq3tj3lB707_W_640_10000.jpg?proc=autoorient;https://dimg04.c-ctrip.com/images/1mh3p12000gq41yw11386_W_640_10000.jpg?proc=autoorient;https://dimg04.c-ctrip.com/images/1mh3v12000gq3om86143D_W_640_10000.jpg?proc=autoorient;https://dimg04.c-ctrip.com/images/1mh3b12000gq3zqwk14A3_W_640_10000.jpg?proc=autoorient;https://dimg04.c-ctrip.com/images/1mh3o12000gq3yltoAEE8_W_640_10000.jpg?proc=autoorient;https://dimg04.c-ctrip.com/images/1mh6812000gq3ms380F6B_W_640_10000.jpg?proc=autoorient;https://dimg04.c-ctrip.com/images/1mh0812000gq3rtyi0457_W_640_10000.jpg?proc=autoorient;https://dimg04.c-ctrip.com/images/1mh4q12000gq3woz0B0C7_W_640_10000.jpg?proc=autoorient;https://dimg04.c-ctrip.com/images/1mh2i12000gq3wbb69A36_W_640_10000.jpg?proc=autoorient,4.0,4.0,4.0,星海广场-南1门;星海广场-北2门;旅顺环城旅游巴士;星海广场-南2门;星海广场-西北门;大连星海朋派街区
10,76865,星海广场,164385940,,5.0,友情提示：本文有点长，酌情观看 … 穿过星海广场，入目就是大海和海鸥。 说星海名副其实，阳光照在海上确实像一颗一颗的星星，看起来灿烂耀眼，混合着宝石般的蓝色和温热潮湿的海风，还有些沁人心脾。这里的海特别蓝，感觉和青岛与北戴河的海都不一样，而且这里有海鸥。 其实我原本就是冲着海鸥来的。 这是我第一次见到海鸥，我见识短浅，不懂海鸥象征着什么，但我觉得海鸥不同于我见过的其他鸟类，虽然它也随地大小便，但是它颜值高，它的翅膀与身体的比例很好。尤其飞的时候，翅膀下面白色上面黑色，扇动间好像在泼水墨。 整体线条流畅不显小气，飞起来还带着灵动和优雅。 所以我觉得不白看，听到旁边大姐卖海鸥食的时候，我给她点了个赞。 海鸥很漂亮，总是和海伴随在一起。 我记得我小的时候喜欢画海鸥，因为海鸥特别好画又显得很有意境，海也很好画。 路过一商店就打算先买个帽子，因为每次都会晒伤我的鼻子。 但他那的帽子质量不太好，又特别贵，所以我就买了个泳裤。 老板还给我便宜了五块钱。 所以鼻子果然晒伤了。 买了泳裤，就开始闲逛找地方下水，不自觉就走到了一个堤坝上。那里有一群大爷，每一个大爷都很健壮，让我都不好意思脱上衣，他们的身材都比我好。[捂脸] 有一个大爷68岁了，线条还是特别在线，P4（拍照经过大爷本人授权）。 于是我就在想：生命果然在于运动……但是他们在哪换的泳裤呢？ 我手里提着一个泳裤，特别茫然。 愣怔了一会儿。 直到我看到一个大爷白白的屁股，才算是恍然大悟。 哦～～～大爷还是你大爷，直接脱直接换。 我琢磨着我也入乡随俗，找个犄角旮旯换吧，但是我前面有一对情侣坐在船上。晃晃荡荡，晃晃荡荡，始终不走，我始终也克服不了我的羞耻心，换不了泳裤。 于是我只能假装自己单纯是来看海的，而不是来游泳的。 后来我终于抓住了一个机会，找到了一个死角，趁别人没发现，成功换上了泳裤，开心的下了水，激动的喝了一口，我就上来了。 齁着了。 游了一下午就只有一个感想特别强烈，那就是真是太咸了。 今天到我嘴里的盐量。得有去年一年的盐量，游完泳我身上一层盐。 但是杀菌。 海跟海果然是不一样的。 游完了泳。溜达到超市，买了根冰棍买了瓶水买了盒烟。 然后坐在沙滩上看海。 在我旁边坐着个大爷，牙都快掉光了，笑起来慈眉善目，看起来像活佛济公。 他笑得特别开心，我心想你有什么可开心的，让我研究研究，我也开心开心。 看他烟抽完了，我就给他递了根,2020-09-10 00:00:03,14,0,,,,12,https://dimg04.c-ctrip.com/images/0104h1200083efoab663E_W_640_10000.jpg?proc=autoorient;https://dimg04.c-ctrip.com/images/010011200083egpn87C93_W_640_10000.jpg?proc=autoorient;https://dimg04.c-ctrip.com/images/0105d1200083eic8r3833_W_640_10000.jpg?proc=autoorient;https://dimg04.c-ctrip.com/images/0103l1200083ef0uo84B5_W_640_10000.jpg?proc=autoorient;https://dimg04.c-ctrip.com/images/010691200083eh06rA4FF_W_640_10000.jpg?proc=autoorient;https://dimg04.c-ctrip.com/images/010691200083ei8wk3A6D_W_640_10000.jpg?proc=autoorient;https://dimg04.c-ctrip.com/images/0105d1200083ehkqsBA2A_W_640_10000.jpg?proc=autoorient;https://dimg04.c-ctrip.com/images/0103l1200083ei17945AB_W_640_10000.jpg?proc=autoorient;https://dimg04.c-ctrip.com/images/0100x1200083ei4e4A8F1_W_640_10000.jpg?proc=autoorient;https://dimg04.c-ctrip.com/images/0102p1200083eg4zyDDC8_W_640_10000.jpg?proc=autoorient;https://dimg04.c-ctrip.com/images/0102p1200083ehm3x5478_W_640_10000.jpg?proc=autoorient;https://dimg04.c-ctrip.com/images/0105d1200083ehent9CCA_W_640_10000.jpg?proc=autoorient,5.0,5.0,5.0,
11,76865,星海广场,157935743,渭南松赞干布,5.0,星海广场始建于1993年，1997年竣工，总占地面积176万平方米，外圈周长2.5公里，由高高的写字楼包围，是北京天安门广场面积的四倍，亚洲最大的广场。广场中心处是大型的音乐喷泉，从中心广场南行，便是百年城雕，百年城雕的尽头是打开的书形广场，面对大海，大海上建的星海湾跨海大桥历历在目。从中心广场北行，则是会展中心，它是集展览、会议、贸易、金融、娱乐为一体的具有国际一流水平的现代化建筑。贯穿广场南北的中央长廊，建有喷泉水景大道。整个广场每隔20米的航标石柱灯一线排开直通大海。,2019-02-17 15:07:01,23,0,,,,15,https://dimg04.c-ctrip.com/images/100t11000000r0oxmDDD7_W_640_10000.jpg?proc=autoorient;https://dimg04.c-ctrip.com/images/100u11000000r0m6v2C42_W_640_10000.jpg?proc=autoorient;https://dimg04.c-ctrip.com/images/100n11000000qzpd7965A_W_640_10000.jpg?proc=autoorient;https://dimg04.c-ctrip.com/images/100u11000000r0m6x4C00_W_640_10000.jpg?proc=autoorient;https://dimg04.c-ctrip.com/images/100v11000000rbowz356A_W_640_10000.jpg?proc=autoorient;https://dimg04.c-ctrip.com/images/100p11000000qzryp4201_W_640_10000.jpg?proc=autoorient;https://dimg04.c-ctrip.com/images/100w11000000r6of6B9F6_W_640_10000.jpg?proc=autoorient;https://dimg04.c-ctrip.com/images/100211000000r7q2tA475_W_640_10000.jpg?proc=autoorient;https://dimg04.c-ctrip.com/images/100t11000000r0oxq0A94_W_640_10000.jpg?proc=autoorient;https://dimg04.c-ctrip.com/images/100111000000rdkhhF135_W_640_10000.jpg?proc=autoorient;https://dimg04.c-ctrip.com/images/100311000000r2df0DF1D_W_640_10000.jpg?proc=autoorient;https://dimg04.c-ctrip.com/images/100u11000000r0m716316_W_640_10000.jpg?proc=autoorient;https://dimg04.c-ctrip.com/images/100211000000r7q2y7512_W_640_10000.jpg?proc=autoorient;https://dimg04.c-ctrip.com/images/100411000000qzmke4CB5_W_640_10000.jpg?proc=autoorient;https://dimg04.c-ctrip.com/images/100v11000000rbox4782A_W_640_10000.jpg?proc=autoorient,5.0,5.0,5.0,
12,76865,星海广场,201367923,Kajiurasakurahio,5.0,很值得一去。广场上有很多海鸥，飞的很低，而且拍照拍出来，很清楚的可以看到整个海鸥的样貌。手里在拿着一点儿吃的，海鸥会飞的更近了。强烈推荐大连的星海广场！,2025-01-11 02:11:25,0,0,单独旅行,北京,1小时,6,https://dimg04.c-ctrip.com/images/1mh3u12000hpkm89f8926_W_640_10000.jpg?proc=autoorient;https://dimg04.c-ctrip.com/images/1mh1e12000hplb97t5BE5_W_640_10000.jpg?proc=autoorient;https://dimg04.c-ctrip.com/images/1mh3u12000hpkxkl88536_W_640_10000.jpg?proc=autoorient;https://dimg04.c-ctrip.com/images/1mh5o12000hpkta7w6305_W_640_10000.jpg?proc=autoorient;https://dimg04.c-ctrip.com/images/1mh5612000hpkty239048_W_640_10000.jpg?proc=autoorient;https://dimg04.c-ctrip.com/images/1mh6c12000hpl3n909494_W_640_10000.jpg?proc=autoorient,5.0,5.0,5.0,
13,76865,星海广场,175241665,老周就是不老,5.0,星海广场坐落于大连西南地区方向沙河口区，城市广场终点是打开的书形城市广场，应对广阔无垠的大海，喻意着数百年后的大连市又将打开全新的一页。 星海广场背倚现代都市，遭遇深海，立在星海广场上，清凉海风迎面而来。 星海广场原是星海湾的一个废弃盐场，星海湾改造始于1993年7月16日，市政府利用建筑垃圾填海造地114公顷，开发土地62公顷，形成了总占地面积176万平方米的亚洲最大城市公用广场。 星海广场是为纪念香港回归而建。,2023-03-20 16:38:12,8,1,,四川,,10,https://dimg04.c-ctrip.com/images/1mh2612000asjuinmEDC9_W_640_10000.jpg?proc=autoorient;https://dimg04.c-ctrip.com/images/1mh0s12000asjv3qo0481_W_640_10000.jpg?proc=autoorient;https://dimg04.c-ctrip.com/images/1mh0k12000asjv0rzA936_W_640_10000.jpg?proc=autoorient;https://dimg04.c-ctrip.com/images/1mh7212000asjwbla03D5_W_640_10000.jpg?proc=autoorient;https://dimg04.c-ctrip.com/images/1mh1c12000asjs8ilA7FF_W_640_10000.jpg?proc=autoorient;https://dimg04.c-ctrip.com/images/1mh3n12000asjzy4cADE1_W_640_10000.jpg?proc=autoorient;https://dimg04.c-ctrip.com/images/1mh5q12000asjyne6F133_W_640_10000.jpg?proc=autoorient;https://dimg04.c-ctrip.com/images/1mh5g12000asjue99D21A_W_640_10000.jpg?proc=autoorient;https://dimg04.c-ctrip.com/images/1mh4d12000asjx3zfC206_W_640_10000.jpg?proc=autoorient;https://dimg04.c-ctrip.com/images/1mh5r12000asjyx55386B_W_640_10000.jpg?proc=autoorient,5.0,5.0,4.0,星海广场-南1门;星海广场-南3门;星海广场-北2门;星海广场-南2门;星海广场-西门;星海广场-东门;星海广场-北1门
14,76865,星海广场,159159078,宏广建业,5.0,二年前来这里的时候，广场被围起来了，在施工，那时白天就直接到海边看海景，喂海鸥，不过还有广场鸽，鸽子不会游泳，在岸上，海鸥偶尔会上岸，但更多还是飞翔或者在海边。 这次来天已经黑了，但是走向广场，远远望见在喷泉⛲️表演，原来如此，施工工地建造的喷泉已经开放，加上美妙的音乐，感觉进入仙境一般。,2019-06-04 16:11:13,8,0,,,,15,https://dimg04.c-ctrip.com/images/100d15000000xae9wCAB7_W_640_10000.jpg?proc=autoorient;https://dimg04.c-ctrip.com/images/100415000000xauxr63BE_W_640_10000.jpg?proc=autoorient;https://dimg04.c-ctrip.com/images/100615000000xchy9EAB8_W_640_10000.jpg?proc=autoorient;https://dimg04.c-ctrip.com/images/100e15000000xemke5305_W_640_10000.jpg?proc=autoorient;https://dimg04.c-ctrip.com/images/100615000000xchye7F41_W_640_10000.jpg?proc=autoorient;https://dimg04.c-ctrip.com/images/100b15000000xe9jnD917_W_640_10000.jpg?proc=autoorient;https://dimg04.c-ctrip.com/images/100f15000000xbwa29FB0_W_640_10000.jpg?proc=autoorient;https://dimg04.c-ctrip.com/images/100715000000xsk6s7F7C_W_640_10000.jpg?proc=autoorient;https://dimg04.c-ctrip.com/images/100c15000000xeir5143C_W_640_10000.jpg?proc=autoorient;https://dimg04.c-ctrip.com/images/100h15000000xdg5wDD1B_W_640_10000.jpg?proc=autoorient;https://dimg04.c-ctrip.com/images/100815000000xc2lj9AE1_W_640_10000.jpg?proc=autoorient;https://dimg04.c-ctrip.com/images/100d15000000xaea29A83_W_640_10000.jpg?proc=autoorient;https://dimg04.c-ctrip.com/images/100i15000000xap1uCE9E_W_640_10000.jpg?proc=autoorient;https://dimg04.c-ctrip.com/images/100915000000xea3tCF2B_W_640_10000.jpg?proc=autoorient;https://dimg04.c-ctrip.com/images/100f15000000xbwab74DB_W_640_10000.jpg?proc=autoorient,5.0,5.0,5.0,
15,76865,星海广场,195486474,,5.0,星海广场不愧是大连的门面，开阔壮美，观大桥喂海鸥 ，欣赏音乐喷泉海上灯光秀，周边还有很多海鲜美食，值得打卡。,2024-10-18 22:39:44,0,0,陪同父母,浙江,2小时,6,https://dimg04.c-ctrip.com/images/1mh1512000g7al7ye13C5_W_640_10000.jpg?proc=autoorient;https://dimg04.c-ctrip.com/images/1mh4a12000g7abp5kCF26_W_640_10000.jpg?proc=autoorient;https://dimg04.c-ctrip.com/images/1mh6612000g7ardjrF8A5_W_640_10000.jpg?proc=autoorient;https://dimg04.c-ctrip.com/images/1mh1q12000g7a17py2A4B_W_640_10000.jpg?proc=autoorient;https://dimg04.c-ctrip.com/images/1mh1112000g7a5zfm6B8A_W_640_10000.jpg?proc=autoorient;https://dimg04.c-ctrip.com/images/1mh5n12000g7b20mu2B4A_W_640_10000.jpg?proc=autoorient,5.0,5.0,5.0,大连星海广场音乐喷泉;星海广场-东门;星海广场-西门;星海广场-北2门;星海广场-南2门
16,76865,星海广场,163211708,Lxy60,5.0,大连，一座美丽的海滨城市，风光无限好，星海广场，滨临黄海，以其华表、雕塑，脚印著名，是亚州最大的城市广场，大连的标志性建筑， 美丽大连的城市魅力在这里得到了最充分的体现。 我行进在广场大道上，感受着大连这座美丽的海滨城市的繁华壮观，体会着它的无穷魅力。此时此刻，绚丽的晚霞映射在广场周围错落有致的高楼大厦上是那样的美丽壮观，赶快拍摄下了大连星海湾城市美景。,2020-04-10 20:38:34,6,0,,,,5,https://dimg04.c-ctrip.com/images/100i1f000001g36qzDCB0_W_640_10000.jpg?proc=autoorient;https://dimg04.c-ctrip.com/images/10041f000001g3cls86CD_W_640_10000.jpg?proc=autoorient;https://dimg04.c-ctrip.com/images/100g1f000001g52669139_W_640_10000.jpg?proc=autoorient;https://dimg04.c-ctrip.com/images/100j1f000001g3vtbCFC6_W_640_10000.jpg?proc=autoorient;https://dimg04.c-ctrip.com/images/10051f000001g6vgt2764_W_640_10000.jpg?proc=autoorient,5.0,5.0,5.0,
17,76865,星海广场,210780494,YoYo_9K3Z1C1V,5.0,星海广场在大连的沙河口区，广场附近十分方便，有很多酒店住宿洗浴中心，还有很多美食购物，离海边也很近，开车过去也就五分钟，重点推荐钱潮海鲜自助餐，100分好评。,2025-05-05 13:52:38,0,0,,上海,,3,https://dimg04.c-ctrip.com/images/1mh5h12000kenzr1fC965_W_640_10000.jpg?proc=autoorient;https://dimg04.c-ctrip.com/images/1mh3h12000keoknse50A4_W_640_10000.jpg?proc=autoorient;https://dimg04.c-ctrip.com/images/1mh1912000keovctfECBF_W_640_10000.jpg?proc=autoorient,5.0,5.0,5.0,
18,76865,星海广场,200830176,,5.0,星海跨年已经是第二次去了，人真的超多～，倒数的时候确实很有氛围～，只不过就是半夜挤地铁需要一些体力，嗷嗷跑，但是很有氛围还是很值得去的～,2025-01-02 10:17:54,1,0,,辽宁,,3,https://dimg04.c-ctrip.com/images/1mh0912000hjgp35i229A_W_640_10000.jpg?proc=autoorient;https://dimg04.c-ctrip.com/images/1mh1512000hjgrurnA762_W_640_10000.jpg?proc=autoorient;https://dimg04.c-ctrip.com/images/1mh6y12000hjgorm45A38_W_640_10000.jpg?proc=autoorient,5.0,5.0,5.0,
19,76865,星海广场,166826481,老少皆宜（）,5.0,辽宁大连的星海广场是亚洲最大的下沉式广场，来大连旅游的朋友都把这里作为首选景点。广场中央的音乐喷泉每天晚上表演两场，广场旁的城堡酒店非常出名，还有贝壳展览馆。在广场南侧可以欣赏跨海大桥，广场四周是各种美食餐厅。,2021-06-14 14:40:22,5,0,,,,6,https://dimg04.c-ctrip.com/images/0105n120008qcbbpd21ED_W_640_10000.jpg?proc=autoorient;https://dimg04.c-ctrip.com/images/01057120008qcc0ie4E46_W_640_10000.jpg?proc=autoorient;https://dimg04.c-ctrip.com/images/0104t120008qcejso067F_W_640_10000.jpg?proc=autoorient;https://dimg04.c-ctrip.com/images/01074120008qcbjlkC6EA_W_640_10000.jpg?proc=autoorient;https://dimg04.c-ctrip.com/images/0103l120008qcbr9tD633_W_640_10000.jpg?proc=autoorient;https://dimg04.c-ctrip.com/images/0102z120008qccipo31C7_W_640_10000.jpg?proc=autoorient,5.0,5.0,5.0,
